<?xml version="1.0" encoding="UTF-8"?><project-modules id="moduleCoreId" project-version="1.5.0">
        
    <wb-module deploy-name="MSP08-Product-service-0.0.1-SNAPSHOT">
                
        <wb-resource deploy-path="/" source-path="/target/m2e-wtp/web-resources"/>
                
        <wb-resource deploy-path="/" source-path="/src/main/webapp" tag="defaultRootSource"/>
                
        <wb-resource deploy-path="/WEB-INF/classes" source-path="/src/main/java"/>
                
        <wb-resource deploy-path="/WEB-INF/classes" source-path="/src/main/resources"/>
                
        <wb-resource deploy-path="/WEB-INF/classes" source-path="/target/generated-sources/annotations"/>
                
        <property name="context-root" value="MSP08-Product-service"/>
                
        <property name="java-output-path" value="/MSP08-Product-service/target/classes"/>
            
    </wb-module>
    
</project-modules>
